{
    "loss": 0.1341387927532196,
    "accuracy": 0.9640287756919861
}