{
    "loss": 1.6176973581314087,
    "accuracy": 0.5467625856399536
}